insert into krusty.customers (Customer_name, Address)
values  ('Bjudkakor AB', 'Ystad'),
        ('Finkakor AB', 'Helsingborg'),
        ('Gästkakor AB', 'Hässleholm'),
        ('Kaffebröd AB', 'Landskrona'),
        ('Kalaskakor AB', 'Trelleborg'),
        ('Partykakor AB', 'Kristianstad'),
        ('Skånekakor AB', 'Perstorp'),
        ('Småbröd AB', 'Malmö');

insert into krusty.ingredients (Ingredient_name, Quantity, iUnit, Arrival_date, Last_order_amount)
values  ('Bread crumbs', 500000, 'g', '2023-04-01', 0),
        ('Butter', 500000, 'g', '2023-04-01', 0),
        ('Chocolate', 500000, 'g', '2023-04-01', 0),
        ('Chopped almonds', 500000, 'g', '2023-04-01', 0),
        ('Cinnamon', 500000, 'g', '2023-04-01', 0),
        ('Egg whites', 500000, 'ml', '2023-04-01', 0),
        ('Eggs', 500000, 'g', '2023-04-01', 0),
        ('Fine-ground nuts', 500000, 'g', '2023-04-01', 0),
        ('Flour', 500000, 'g', '2023-04-01', 0),
        ('Ground, roasted nuts', 500000, 'g', '2023-04-01', 0),
        ('Icing sugar', 500000, 'g', '2023-04-01', 0),
        ('Marzipan', 500000, 'g', '2023-04-01', 0),
        ('Potato starch', 500000, 'g', '2023-04-01', 0),
        ('Roasted, chopped nuts', 500000, 'g', '2023-04-01', 0),
        ('Sodium bicarbonate', 500000, 'g', '2023-04-01', 0),
        ('Sugar', 500000, 'g', '2023-04-01', 0),
        ('Vanilla', 500000, 'g', '2023-04-01', 0),
        ('Vanilla sugar', 500000, 'g', '2023-04-01', 0),
        ('Wheat flour', 500000, 'g', '2023-04-01', 0);

insert into krusty.products (Cookie_name)
values  ('Almond delight'),
        ('Amneris'),
        ('Berliner'),
        ('Nut cookie'),
        ('Nut ring'),
        ('Tango');

insert into krusty.recipes (Cookie_name, Ingredient_name, Amount, rUnit)
values  ('Nut cookie', 'Bread crumbs', 125, 'g'),
        ('Almond delight', 'Butter', 400, 'g'),
        ('Amneris', 'Butter', 250, 'g'),
        ('Berliner', 'Butter', 250, 'g'),
        ('Nut ring', 'Butter', 450, 'g'),
        ('Tango', 'Butter', 200, 'g'),
        ('Berliner', 'Chocolate', 50, 'g'),
        ('Nut cookie', 'Chocolate', 50, 'g'),
        ('Almond delight', 'Chopped almonds', 279, 'g'),
        ('Almond delight', 'Cinnamon', 10, 'g'),
        ('Nut cookie', 'Egg Whites', 350, 'ml'),
        ('Amneris', 'Eggs', 250, 'g'),
        ('Berliner', 'Eggs', 50, 'g'),
        ('Nut cookie', 'Fine-ground nuts', 750, 'g'),
        ('Almond delight', 'Flour', 400, 'g'),
        ('Berliner', 'Flour', 350, 'g'),
        ('Nut ring', 'Flour', 450, 'g'),
        ('Tango', 'Flour', 300, 'g'),
        ('Nut cookie', 'Ground, roasted nuts', 625, 'g'),
        ('Berliner', 'Icing sugar', 100, 'g'),
        ('Nut ring', 'Icing sugar', 190, 'g'),
        ('Amneris', 'Marzipan', 750, 'g'),
        ('Amneris', 'Potato starch', 25, 'g'),
        ('Nut ring', 'Roasted, chopped nuts', 225, 'g'),
        ('Tango', 'Sodium bicarbonate', 4, 'g'),
        ('Almond delight', 'Sugar', 270, 'g'),
        ('Nut cookie', 'Sugar', 375, 'g'),
        ('Tango', 'Sugar', 250, 'g'),
        ('Tango', 'Vanilla', 2, 'g'),
        ('Berliner', 'Vanilla sugar', 5, 'g'),
        ('Amneris', 'Wheat flour', 25, 'g');